序号,链接,节点数
0,https://gist.githubusercontent.com/peasoft/7907a8ee2a4fa5e80cd1bd006664442c/raw/,1
1,https://gitlab.com/colloq168/nodefiltrate/-/raw/main/filtrate?ref_type=heads,0
2,https://n1Yz2o.absslk.xyz/0e27a024854e04b7d1418a20860d9269,0
3,https://raw.githubusercontent.com/Alvin9999/pac2/master/clash.meta2/1/config.yaml,1
4,https://raw.githubusercontent.com/Alvin9999/pac2/master/clash.meta2/13/config.yaml,1
5,https://raw.githubusercontent.com/Alvin9999/pac2/master/clash.meta2/15/config.yaml,1
6,https://raw.githubusercontent.com/Alvin9999/pac2/master/clash.meta2/2/config.yaml,1
7,https://raw.githubusercontent.com/Alvin9999/pac2/master/clash.meta2/config.yaml,1
8,https://raw.githubusercontent.com/Huibq/TrojanLinks/master/links/vmess,0
9,https://raw.githubusercontent.com/Surfboardv2ray/TGParse/main/python/hy2,0
10,https://raw.githubusercontent.com/Surfboardv2ray/TGParse/main/python/hysteria2,216
11,https://raw.githubusercontent.com/aiboboxx/v2rayfree/main/v2,166
12,https://raw.githubusercontent.com/anaer/Sub/main/clash.yaml,2218
13,https://raw.githubusercontent.com/qjlxg/hy2/main/splitted/hy2,0
14,https://raw.githubusercontent.com/ripaojiedian/freenode/main/clash,16
15,https://raw.githubusercontent.com/ripaojiedian/freenode/main/sub,16
16,https://raw.githubusercontent.com/zhangkaiitugithub/passcro/main/speednodes.yaml,29
17,https://yWMgge.mcsslk.xyz/6b41998bd9076f14f9d7845f7a0a0f45,0

总计,,2415
